西方科学史,1,简体中文,2
萨满信仰研究,1,简体中文,2
祝詞概説,1,日本語,2
大中華圏,1,日本語,2
空海（小説）,1,日本語,2
蘇我氏の古代学,1,日本語,2
古事记,1,简体中文,2
國史大綱,1,繁體中文,4
世説新語,1,日本語,3
古文觀止,1,繁體中文,3
古事記,1,日本語,2
布莱克维尔政治社会学指南,1,简体中文,2
天主教文明經典,1,繁體中文,2
神正论,1,简体中文,3
基督教神学导论,1,简体中文,3
苏州佛教文化,1,简体中文,3
古典文法・演習ドリル,1,日本語,2
漢文句法・演習トリル,1,日本語,2
古文単語・暗記ドリル,1,日本語,2
乌兹别克语入门,1,简体中文,2
中国哲学简史,1,简体中文,3
ベトナム語辞典,1,日本語,3
くずの本懐（小説）,1,日本語,2
打ち上げ花火、下から見るか？横から見るか？（小説）,1,日本語,2
秒速５センチメートル（小説）,1,日本語,2
言の葉の庭（小説）,1,日本語,2
古代漢語,1,繁體中文,2
汉语语法,1,简体中文,2
Elementary Vietnamese,1,English,3
Sanskrit,1,English,3
蒙古语速成会话教程,1,简体中文,2
中国古代建筑史,1,简体中文,4
日本建筑的艺术,1,简体中文,4
勿吉-靺鞨民族史论,1,简体中文,2
海东盛国-渤海人名扬辽海,1,简体中文,2
从汉城到燕京,1,简体中文,2
金印国家群的时代,1,简体中文,2
蒙古考古,1,简体中文,2
小工具 大思考 全球细石器文化的研究,1,简体中文,2
汉江流域史,1,简体中文,2
古事記ー個性豊かな神々が織りなす古代神話の世界,1,日本語,2
世界地图集,1,简体中文,4
中国地图集,1,简体中文,4
同根生的民族-壮傣各族渊源与文化,1,简体中文,2
图瓦语和图瓦人的多语生活,1,简体中文,2
丝绸之路上的西州回鹘王朝,3,简体中文,2
沖縄ー車がなくても、旅は楽しめる！,1,日本語,2
使琉球錄,1,繁體中文,2
東洋史要説,1,日本語,2
沖縄語辞典（国立国語研究所編）,1,日本語,2
琉球国志略,1,简体中文,2
琉球・沖縄史（小开本）,3,日本語,2
琉球・沖縄史（大开本）,1,日本語,3
沖縄文化論ー忘れられた日本,1,日本語,2
琉球独立論,1,日本語,2
改革与新思维（戈尔巴乔夫）,1,简体中文,2
第六回神社検定問題と解説,1,日本語,2
神道用語の基礎知識,1,日本語,2
「日本の伝統」の正体,1,日本語,2
日本の神様図鑑,1,日本語,2
神社のいろは,1,日本語,2
日本の古建築　美・技術・思想,3,日本語,2
天智天皇的日本 白村江之战后的律令国家与东亚,1,简体中文,2
新しい歴史教科書,1,日本語,2
稲作文化にみる中国貴州と日本,1,日本語,2
景颇语语法,1,简体中文,2
缅甸语,1,简体中文,2
日本史の教科書,1,日本語,2
日本古代史：法と政治と人と,1,日本語,2
神々の考古学,1,日本語,2
神道事典,1,日本語,2
日本古代国家成立史論,1,日本語,2
古事記（原文＋書き下し＋現代語訳）,1,日本語,4
風土記（原文＋書き下し＋現代語訳）,1,日本語,4
出雲国風土記,1,日本語,2
神道学,1,日本語,2
回味籍贯菜,1,简体中文,2
地名苗字事典,1,日本語,2
简明日本语古文教程,1,简体中文,2
导游基础知识,1,简体中文,2
入唐求法巡禮記校注,1,简体中文,2
実用漢字表現辞典,1,日本語,2
日本語教育入門,1,日本語,2
人間詞話 賞析古代中國六十位宋詞名家,1,繁體中文,2
唐诗选注,1,简体中文,2
太陽旗下的青春物語 活在日本時代的臺灣人,1,繁體中文,2
大学 中庸,1,简体中文,2
日本の神社さんぽ,1,日本語,2
京都のお寺,1,日本語,2
中国古代建筑之美,1,简体中文,2
澳門古今,1,繁體中文,2
中國史綱,1,繁體中文,2
地球の歩き方　中央アジア,1,日本語,2
考古学专题六讲,1,简体中文,2
源氏物语之旅,1,简体中文,2
中国北方民族萨满出神现象研究,1,简体中文,2
佛法概论,1,简体中文,2
Three drops of Rice Wine 三滴米酒,1,English,2
内亚史,3,简体中文,2
閩南海上帝國,1,繁體中文,2
中華文明的根底,1,繁體中文,2
文字学概要,1,简体中文,2
ドイツ語単語帳,1,日本語,2
ロシア語単語帳,1,日本語,2
はじめての台湾語,1,日本語,2
沖縄語の入門,1,日本語,2
沖縄語リアルフレーズBook,1,日本語,2
できる韓国語単語集,1,日本語,2
Get started in Indonesian,1,English,2
Easy Vietnamese,1,English,2
音韵学入门,1,简体中文,2
闽南话口语,1,简体中文,2
闽南话教程,1,简体中文,2
魅力闽南话,1,简体中文,2
ドイツ語初級,1,日本語,2
日语古典文法入门,1,简体中文,2
はじめての韓国語,1,日本語,2
琉球語史研究,1,日本語,2
俄语初级教程,1,简体中文,2
西夏文教程,1,简体中文,2
趣吴语,1,简体中文,2
唐山方言词汇研究,1,简体中文,2
实用苏州话,1,简体中文,2
LATIN A LINGUISTIC INTRODUCTION,1,English,4
できる韓国語初級１,1,日本語,2
A Beginner's Guide to Tajik,3,English,2
走遍俄罗斯 自学辅导书 1,1,简体中文,2
新视线俄语语言文化多媒体教程 1,1,简体中文,2
金帐汗国兴衰史,3,简体中文,2
Basic Latin,1,English,2
博雅汉语 初级起步篇 1,1,简体中文,2
博雅汉语 初级起步篇 1 练习册,1,简体中文,2
心經注,1,繁體中文,2
大乗の仏道　仏教概要,1,日本語,2
金刚经 心经释义,1,简体中文,2
觀音菩薩與觀音法門,1,繁體中文,2
Imagined Communities,1,English,2
法华经,1,简体中文,2
中國文化史導論,1,繁體中文,2
语言学概论,1,简体中文,2
历史是什么?,1,简体中文,2
东南亚的贸易时代：1450-1680 第一卷,1,简体中文,2
欧洲文明史,1,简体中文,2
第一哲学沉思集,1,简体中文,2
存在与时间,1,简体中文,2
文明论概略,1,简体中文,2
为什么我不是基督教徒,1,简体中文,2
先验唯心论体系,1,简体中文,2
奥义书,1,简体中文,2
宗教与哲学,1,简体中文,2
论第一原理,1,简体中文,2
论有学识的无知,1,简体中文,2
菊与刀,1,简体中文,2
论隐秘的上帝,3,简体中文,2
帝国主义是资本主义的最高阶段,1,简体中文,2
国家与革命,1,简体中文,2
存在主义是一种人道主义,1,简体中文,2
俄罗斯的命运,1,简体中文,2
孟德斯鸠与卢梭,1,简体中文,2
人口论,1,简体中文,2
强制、资本和欧洲国家（公元990-1992年）,1,简体中文,2
长江流域的稻作文化,1,简体中文,2
佤语教程,1,简体中文,2
拉祜语教程,1,简体中文,2
金剛般若波羅蜜經,1,繁體中文,2
朝鮮三国志,1,日本語,2
福乐智慧,3,简体中文,2
想象的共同体 民族主义的起源,1,简体中文,2
伪满洲国首都规划,1,简体中文,2
椰壳碗外的人生,1,简体中文,2
新疆 伊犁 风物志,1,简体中文,2
小倉百人一首,1,日本語,2
日本語検定・公式テキスト・例題集　日本語上級,1,日本語,2
詳説　日本史研究,3,日本語,2
上古汉语词根,3,简体中文,2
古兰经,3,简体中文,2
中高级日语句型详解,1,简体中文,2
甘肃肃南西部裕固语,3,简体中文,2
塔吉克人,3,简体中文,2
乌兹别克语教程,3,简体中文,2
越南古代史,1,简体中文,2
景颇语参考语法,1,简体中文,2
地名风采录 一方水土一段古,1,简体中文,2
简明古典日语入门教程,3,简体中文,2
新疆纪行,1,简体中文,2
马来西亚华人：身份认同、文化与族群政治,1,简体中文,2
景颇族目瑙纵歌,1,简体中文,2
365每天一句载瓦语,1,简体中文,2
景颇族载瓦语言知识,1,简体中文,2
载瓦文小学教程（上下册）,1,简体中文,2
景颇语教程,1,简体中文,2
倭国　古代国家への道,1,日本語,2
竹取物語,1,日本語,2
雪国,1,日本語,2
平成紀,1,日本語,2
広重,1,日本語,2
古典と名作で歩く本物の京都,1,日本語,2
奈良時代,1,日本語,2
日本仏教史入門,1,日本語,2
アンダーグラウンド,1,日本語,2
氷菓（小説）,1,日本語,2
風の歌を聴け,1,日本語,2
少年たちは花火を横から見たかった,1,日本語,2
寝る前５分暗記ブック　高校日本史,1,日本語,2
为什么美国没有社会主义,1,简体中文,2
日本文化史,1,日本語,2
帰化人,1,日本語,2
万葉集講義,1,日本語,2
日本人と中国人　同文同種と思い込む危険,1,日本語,2
ヒロシマ・ノート,1,日本語,2
歴史認識を乗り越える,1,日本語,2
中国ナショナリズム,1,日本語,2
沖縄ノート,1,日本語,2
簡素な生き方,3,日本語,2
古典文法の質問箱,1,日本語,2
元号と天皇から日本史を読む方法,1,日本語,2
日本人の９割が答えられない日本の大疑問１００,1,日本語,2
万葉集と日本の夜明け,1,日本語,2
空海　三教指帰,1,日本語,2
仏像礼讃,1,日本語,2
地政学で考える日本の未来,1,日本語,2
地図で読む『古事記』『日本書紀』,1,日本語,2
神社の旅,1,日本語,2
日本人と日本文化,1,日本語,2
みだれ髪,1,日本語,2
天平の甍,1,日本語,2
旧暦で日本を楽しむ,1,日本語,2
こんなに面白かった「百人一首」,1,日本語,2
方丈記,1,日本語,2
図解とあらすじでよくわかる「古事記」入門,1,日本語,2
神社の謎,1,日本語,2
日本の神話とゆかりの神社,1,日本語,2
中国語はじめの一歩,1,日本語,2
ゼロからわかる日本神話・伝統,1,日本語,2
北斎,1,日本語,2
文明の衝突（上・下）,1,日本語,4
よくわかる日本神道のすべて,1,日本語,2
ホンモノの日本語,1,日本語,2
水樹奈々　深愛,1,日本語,2
日本史は「線」でつなぐと面白い！,1,日本語,2
神様と仏様事典,1,日本語,2
神社と神様がスッキリわかる,1,日本語,2
チェルノブイリの祈り,1,日本語,2
違いをあらわす「基礎日本語辞典」,1,日本語,2
気持ちをあらわす「基礎日本語辞典」,1,日本語,2
万葉集,1,日本語,2
古事記,1,日本語,2
知れば知るほど面白い日本の国宝,1,日本語,2
般若心経・金剛般若経,1,日本語,2